ID,Class
6284,H
6285,R
6286,A
6287,O
6288,E
6289,R
6290,0
6291,A
6292,S
6293,H
6294,N
6295,A
6296,A
6297,H
6298,r
6299,A
6300,A
6301,R
6302,A
6303,S
6304,M
6305,C
6306,A
6307,S
6308,R
6309,A
6310,A
6311,O
6312,D
6313,R
6314,A
6315,W
6316,e
6317,O
6318,c
6319,S
6320,L
6321,N
6322,o
6323,T
6324,W
6325,l
6326,N
6327,M
6328,E
6329,l
6330,O
6331,A
6332,I
6333,v
6334,A
6335,E
6336,i
6337,I
6338,N
6339,A
6340,O
6341,S
6342,R
6343,H
6344,o
6345,E
6346,E
6347,0
6348,Y
6349,P
6350,E
6351,S
6352,A
6353,I
6354,o
6355,L
6356,O
6357,A
6358,r
6359,N
6360,A
6361,N
6362,I
6363,R
6364,A
6365,M
6366,E
6367,A
6368,R
6369,A
6370,y
6371,A
6372,N
6373,R
6374,H
6375,E
6376,L
6377,A
6378,e
6379,S
6380,T
6381,A
6382,O
6383,E
6384,R
6385,e
6386,S
6387,A
6388,n
6389,O
6390,A
6391,R
6392,T
6393,E
6394,E
6395,R
6396,I
6397,N
6398,e
6399,A
6400,L
6401,S
6402,A
6403,E
6404,N
6405,M
6406,A
6407,T
6408,I
6409,s
6410,N
6411,C
6412,A
6413,O
6414,R
6415,A
6416,N
6417,D
6418,R
6419,N
6420,S
6421,R
6422,O
6423,N
6424,S
6425,A
6426,S
6427,A
6428,A
6429,O
6430,S
6431,0
6432,O
6433,S
6434,S
6435,D
6436,O
6437,T
6438,R
6439,e
6440,R
6441,R
6442,A
6443,N
6444,s
6445,I
6446,E
6447,A
6448,N
6449,A
6450,T
6451,L
6452,E
6453,a
6454,R
6455,C
6456,R
6457,O
6458,A
6459,T
6460,O
6461,N
6462,A
6463,A
6464,P
6465,O
6466,N
6467,C
6468,A
6469,A
6470,D
6471,H
6472,A
6473,A
6474,E
6475,N
6476,A
6477,N
6478,N
6479,A
6480,A
6481,T
6482,A
6483,T
6484,R
6485,N
6486,0
6487,K
6488,N
6489,E
6490,L
6491,O
6492,P
6493,A
6494,I
6495,N
6496,R
6497,E
6498,N
6499,U
6500,S
6501,E
6502,L
6503,O
6504,A
6505,E
6506,0
6507,I
6508,R
6509,E
6510,N
6511,u
6512,I
6513,A
6514,M
6515,A
6516,N
6517,S
6518,N
6519,N
6520,D
6521,e
6522,E
6523,e
6524,S
6525,L
6526,E
6527,A
6528,O
6529,L
6530,e
6531,0
6532,N
6533,A
6534,A
6535,L
6536,L
6537,R
6538,L
6539,A
6540,A
6541,O
6542,R
6543,E
6544,O
6545,h
6546,R
6547,t
6548,A
6549,I
6550,A
6551,A
6552,N
6553,r
6554,e
6555,A
6556,N
6557,S
6558,I
6559,T
6560,A
6561,0
6562,O
6563,E
6564,A
6565,E
6566,e
6567,T
6568,E
6569,S
6570,F
6571,A
6572,O
6573,N
6574,S
6575,o
6576,R
6577,A
6578,0
6579,E
6580,A
6581,A
6582,R
6583,A
6584,e
6585,T
6586,i
6587,e
6588,C
6589,A
6590,A
6591,E
6592,I
6593,L
6594,e
6595,R
6596,I
6597,o
6598,I
6599,A
6600,I
6601,O
6602,A
6603,T
6604,O
6605,S
6606,L
6607,E
6608,A
6609,T
6610,N
6611,C
6612,E
6613,A
6614,D
6615,C
6616,D
6617,R
6618,M
6619,A
6620,R
6621,N
6622,C
6623,O
6624,L
6625,n
6626,A
6627,R
6628,O
6629,A
6630,K
6631,O
6632,T
6633,A
6634,R
6635,O
6636,L
6637,L
6638,T
6639,I
6640,C
6641,T
6642,P
6643,0
6644,S
6645,D
6646,E
6647,C
6648,G
6649,O
6650,P
6651,A
6652,S
6653,D
6654,N
6655,E
6656,R
6657,R
6658,R
6659,I
6660,A
6661,E
6662,L
6663,N
6664,E
6665,A
6666,R
6667,0
6668,A
6669,o
6670,I
6671,D
6672,R
6673,O
6674,R
6675,P
6676,A
6677,n
6678,P
6679,I
6680,L
6681,T
6682,E
6683,L
6684,A
6685,O
6686,A
6687,T
6688,R
6689,L
6690,A
6691,S
6692,T
6693,A
6694,M
6695,A
6696,A
6697,E
6698,A
6699,A
6700,O
6701,0
6702,R
6703,I
6704,D
6705,A
6706,H
6707,E
6708,l
6709,A
6710,l
6711,O
6712,N
6713,T
6714,e
6715,E
6716,A
6717,E
6718,A
6719,O
6720,V
6721,S
6722,N
6723,M
6724,D
6725,M
6726,T
6727,N
6728,E
6729,E
6730,S
6731,A
6732,T
6733,I
6734,L
6735,l
6736,o
6737,D
6738,R
6739,n
6740,E
6741,A
6742,1
6743,E
6744,A
6745,A
6746,R
6747,N
6748,a
6749,R
6750,A
6751,t
6752,t
6753,D
6754,A
6755,a
6756,S
6757,L
6758,R
6759,A
6760,T
6761,E
6762,e
6763,N
6764,u
6765,S
6766,I
6767,u
6768,e
6769,O
6770,L
6771,A
6772,A
6773,R
6774,r
6775,T
6776,A
6777,S
6778,o
6779,0
6780,C
6781,a
6782,o
6783,A
6784,T
6785,C
6786,L
6787,I
6788,A
6789,A
6790,0
6791,A
6792,N
6793,O
6794,M
6795,T
6796,A
6797,A
6798,O
6799,A
6800,N
6801,A
6802,O
6803,A
6804,A
6805,A
6806,I
6807,O
6808,C
6809,M
6810,D
6811,N
6812,Y
6813,S
6814,A
6815,o
6816,A
6817,A
6818,t
6819,N
6820,A
6821,T
6822,S
6823,N
6824,L
6825,R
6826,s
6827,N
6828,N
6829,E
6830,R
6831,A
6832,C
6833,E
6834,S
6835,C
6836,E
6837,T
6838,A
6839,I
6840,I
6841,I
6842,a
6843,E
6844,A
6845,O
6846,E
6847,D
6848,a
6849,l
6850,h
6851,O
6852,I
6853,E
6854,E
6855,O
6856,R
6857,I
6858,N
6859,A
6860,O
6861,N
6862,E
6863,T
6864,0
6865,I
6866,E
6867,N
6868,S
6869,A
6870,f
6871,L
6872,T
6873,O
6874,S
6875,A
6876,E
6877,A
6878,L
6879,I
6880,a
6881,E
6882,O
6883,Y
6884,L
6885,L
6886,I
6887,A
6888,A
6889,E
6890,a
6891,S
6892,I
6893,I
6894,A
6895,T
6896,I
6897,N
6898,r
6899,A
6900,A
6901,N
6902,S
6903,A
6904,S
6905,E
6906,i
6907,R
6908,R
6909,A
6910,L
6911,I
6912,R
6913,P
6914,I
6915,O
6916,E
6917,e
6918,A
6919,T
6920,R
6921,T
6922,y
6923,N
6924,E
6925,R
6926,R
6927,N
6928,E
6929,E
6930,R
6931,N
6932,O
6933,A
6934,E
6935,L
6936,A
6937,R
6938,S
6939,A
6940,D
6941,A
6942,R
6943,r
6944,D
6945,C
6946,N
6947,l
6948,T
6949,I
6950,L
6951,V
6952,o
6953,O
6954,n
6955,I
6956,O
6957,A
6958,a
6959,0
6960,R
6961,E
6962,R
6963,I
6964,O
6965,A
6966,A
6967,N
6968,E
6969,I
6970,I
6971,I
6972,S
6973,L
6974,T
6975,L
6976,e
6977,R
6978,o
6979,A
6980,s
6981,D
6982,N
6983,A
6984,A
6985,O
6986,A
6987,E
6988,A
6989,E
6990,S
6991,I
6992,O
6993,T
6994,S
6995,N
6996,i
6997,a
6998,A
6999,L
7000,A
7001,A
7002,I
7003,N
7004,n
7005,A
7006,P
7007,E
7008,E
7009,t
7010,E
7011,R
7012,O
7013,R
7014,O
7015,a
7016,R
7017,A
7018,L
7019,I
7020,A
7021,N
7022,N
7023,C
7024,L
7025,w
7026,R
7027,A
7028,e
7029,S
7030,C
7031,A
7032,N
7033,e
7034,o
7035,A
7036,A
7037,L
7038,A
7039,P
7040,A
7041,R
7042,0
7043,Y
7044,N
7045,E
7046,G
7047,R
7048,R
7049,I
7050,I
7051,O
7052,I
7053,R
7054,N
7055,A
7056,I
7057,R
7058,T
7059,e
7060,T
7061,R
7062,T
7063,e
7064,R
7065,O
7066,e
7067,A
7068,I
7069,O
7070,E
7071,O
7072,7
7073,A
7074,2
7075,A
7076,A
7077,O
7078,P
7079,6
7080,E
7081,A
7082,A
7083,D
7084,P
7085,N
7086,A
7087,h
7088,A
7089,O
7090,L
7091,R
7092,L
7093,R
7094,e
7095,A
7096,A
7097,O
7098,E
7099,R
7100,1
7101,N
7102,O
7103,L
7104,3
7105,D
7106,r
7107,L
7108,O
7109,A
7110,I
7111,N
7112,T
7113,C
7114,e
7115,T
7116,S
7117,L
7118,A
7119,S
7120,E
7121,R
7122,A
7123,E
7124,R
7125,S
7126,N
7127,e
7128,A
7129,L
7130,A
7131,O
7132,A
7133,W
7134,N
7135,L
7136,r
7137,5
7138,E
7139,E
7140,l
7141,T
7142,E
7143,R
7144,A
7145,t
7146,O
7147,e
7148,A
7149,O
7150,T
7151,I
7152,E
7153,N
7154,O
7155,A
7156,M
7157,N
7158,R
7159,A
7160,E
7161,R
7162,a
7163,N
7164,T
7165,A
7166,L
7167,A
7168,E
7169,A
7170,A
7171,C
7172,A
7173,C
7174,A
7175,S
7176,S
7177,A
7178,A
7179,P
7180,N
7181,A
7182,N
7183,M
7184,A
7185,7
7186,A
7187,E
7188,T
7189,M
7190,H
7191,I
7192,A
7193,i
7194,S
7195,A
7196,O
7197,P
7198,K
7199,O
7200,N
7201,I
7202,A
7203,A
7204,O
7205,O
7206,o
7207,A
7208,N
7209,A
7210,T
7211,R
7212,T
7213,R
7214,A
7215,o
7216,N
7217,t
7218,T
7219,N
7220,T
7221,A
7222,R
7223,R
7224,W
7225,L
7226,S
7227,N
7228,A
7229,O
7230,L
7231,A
7232,A
7233,R
7234,A
7235,O
7236,D
7237,A
7238,D
7239,E
7240,R
7241,L
7242,f
7243,A
7244,N
7245,N
7246,I
7247,O
7248,a
7249,O
7250,O
7251,O
7252,E
7253,E
7254,a
7255,A
7256,S
7257,A
7258,A
7259,E
7260,I
7261,A
7262,O
7263,N
7264,N
7265,I
7266,C
7267,S
7268,O
7269,O
7270,E
7271,A
7272,O
7273,R
7274,A
7275,A
7276,I
7277,T
7278,A
7279,L
7280,e
7281,O
7282,T
7283,T
7284,L
7285,O
7286,A
7287,P
7288,I
7289,E
7290,A
7291,E
7292,E
7293,E
7294,R
7295,N
7296,A
7297,R
7298,R
7299,A
7300,0
7301,l
7302,E
7303,O
7304,I
7305,E
7306,R
7307,D
7308,R
7309,T
7310,I
7311,E
7312,r
7313,A
7314,A
7315,A
7316,T
7317,I
7318,q
7319,E
7320,C
7321,e
7322,T
7323,O
7324,A
7325,T
7326,O
7327,R
7328,A
7329,I
7330,R
7331,R
7332,T
7333,A
7334,A
7335,E
7336,1
7337,R
7338,H
7339,T
7340,t
7341,I
7342,E
7343,E
7344,O
7345,N
7346,A
7347,O
7348,N
7349,K
7350,A
7351,e
7352,H
7353,D
7354,A
7355,A
7356,0
7357,A
7358,F
7359,R
7360,t
7361,L
7362,E
7363,A
7364,E
7365,C
7366,T
7367,A
7368,S
7369,E
7370,A
7371,E
7372,O
7373,T
7374,H
7375,E
7376,A
7377,T
7378,I
7379,4
7380,E
7381,E
7382,S
7383,S
7384,P
7385,A
7386,D
7387,a
7388,O
7389,I
7390,N
7391,1
7392,T
7393,M
7394,A
7395,N
7396,b
7397,L
7398,O
7399,O
7400,I
7401,L
7402,A
7403,N
7404,A
7405,e
7406,B
7407,E
7408,L
7409,O
7410,S
7411,N
7412,A
7413,r
7414,S
7415,A
7416,E
7417,L
7418,A
7419,O
7420,E
7421,I
7422,C
7423,O
7424,7
7425,N
7426,N
7427,e
7428,o
7429,A
7430,A
7431,I
7432,I
7433,A
7434,e
7435,T
7436,R
7437,A
7438,E
7439,A
7440,e
7441,e
7442,A
7443,O
7444,E
7445,S
7446,R
7447,S
7448,C
7449,O
7450,E
7451,L
7452,E
7453,o
7454,s
7455,M
7456,R
7457,C
7458,A
7459,A
7460,B
7461,N
7462,E
7463,t
7464,I
7465,A
7466,A
7467,n
7468,A
7469,A
7470,R
7471,A
7472,N
7473,I
7474,P
7475,A
7476,I
7477,R
7478,S
7479,A
7480,N
7481,C
7482,a
7483,E
7484,L
7485,A
7486,I
7487,C
7488,S
7489,E
7490,R
7491,A
7492,N
7493,Y
7494,i
7495,I
7496,E
7497,C
7498,e
7499,I
7500,e
7501,o
7502,F
7503,N
7504,O
7505,Y
7506,O
7507,I
7508,O
7509,A
7510,T
7511,O
7512,R
7513,S
7514,A
7515,S
7516,A
7517,L
7518,E
7519,R
7520,E
7521,N
7522,E
7523,A
7524,l
7525,N
7526,T
7527,A
7528,P
7529,T
7530,I
7531,R
7532,O
7533,A
7534,E
7535,A
7536,S
7537,R
7538,A
7539,R
7540,l
7541,O
7542,H
7543,A
7544,T
7545,O
7546,A
7547,N
7548,R
7549,e
7550,A
7551,A
7552,L
7553,A
7554,a
7555,A
7556,R
7557,N
7558,A
7559,S
7560,M
7561,O
7562,A
7563,E
7564,T
7565,A
7566,A
7567,R
7568,R
7569,A
7570,N
7571,A
7572,E
7573,A
7574,H
7575,O
7576,A
7577,I
7578,O
7579,D
7580,A
7581,R
7582,0
7583,E
7584,J
7585,n
7586,I
7587,N
7588,E
7589,W
7590,S
7591,P
7592,E
7593,T
7594,M
7595,E
7596,O
7597,A
7598,T
7599,E
7600,I
7601,A
7602,L
7603,M
7604,A
7605,N
7606,I
7607,e
7608,A
7609,A
7610,R
7611,U
7612,E
7613,O
7614,I
7615,n
7616,A
7617,F
7618,I
7619,A
7620,Y
7621,M
7622,o
7623,e
7624,A
7625,9
7626,M
7627,o
7628,O
7629,e
7630,n
7631,O
7632,I
7633,A
7634,S
7635,e
7636,X
7637,R
7638,0
7639,S
7640,S
7641,E
7642,I
7643,T
7644,e
7645,L
7646,t
7647,P
7648,A
7649,D
7650,N
7651,R
7652,I
7653,A
7654,O
7655,S
7656,A
7657,E
7658,A
7659,R
7660,N
7661,A
7662,R
7663,R
7664,r
7665,L
7666,e
7667,T
7668,0
7669,A
7670,N
7671,S
7672,O
7673,I
7674,T
7675,l
7676,E
7677,C
7678,O
7679,I
7680,T
7681,A
7682,a
7683,S
7684,D
7685,O
7686,E
7687,I
7688,E
7689,O
7690,O
7691,A
7692,N
7693,C
7694,T
7695,E
7696,H
7697,M
7698,E
7699,A
7700,O
7701,E
7702,N
7703,R
7704,P
7705,R
7706,I
7707,R
7708,A
7709,A
7710,O
7711,A
7712,e
7713,e
7714,A
7715,O
7716,z
7717,M
7718,A
7719,T
7720,T
7721,S
7722,S
7723,P
7724,C
7725,S
7726,L
7727,A
7728,N
7729,S
7730,R
7731,e
7732,N
7733,E
7734,D
7735,N
7736,n
7737,S
7738,R
7739,6
7740,D
7741,D
7742,A
7743,A
7744,E
7745,A
7746,R
7747,C
7748,N
7749,N
7750,T
7751,E
7752,E
7753,T
7754,E
7755,R
7756,R
7757,I
7758,A
7759,A
7760,0
7761,e
7762,S
7763,a
7764,w
7765,I
7766,N
7767,A
7768,S
7769,A
7770,N
7771,t
7772,R
7773,E
7774,R
7775,R
7776,A
7777,n
7778,E
7779,P
7780,A
7781,A
7782,T
7783,a
7784,T
7785,R
7786,C
7787,A
7788,R
7789,O
7790,E
7791,T
7792,A
7793,t
7794,N
7795,A
7796,E
7797,N
7798,R
7799,O
7800,E
7801,T
7802,l
7803,R
7804,A
7805,A
7806,M
7807,E
7808,o
7809,O
7810,R
7811,O
7812,S
7813,e
7814,I
7815,A
7816,I
7817,E
7818,A
7819,O
7820,i
7821,E
7822,e
7823,L
7824,T
7825,a
7826,A
7827,r
7828,E
7829,R
7830,R
7831,P
7832,A
7833,S
7834,D
7835,R
7836,A
7837,R
7838,A
7839,S
7840,T
7841,e
7842,A
7843,T
7844,N
7845,e
7846,I
7847,E
7848,A
7849,R
7850,t
7851,R
7852,A
7853,M
7854,E
7855,i
7856,T
7857,O
7858,O
7859,e
7860,L
7861,A
7862,C
7863,A
7864,A
7865,A
7866,N
7867,A
7868,A
7869,N
7870,O
7871,E
7872,O
7873,L
7874,A
7875,N
7876,E
7877,R
7878,I
7879,N
7880,D
7881,A
7882,S
7883,C
7884,8
7885,S
7886,A
7887,A
7888,A
7889,O
7890,E
7891,A
7892,r
7893,D
7894,s
7895,N
7896,I
7897,A
7898,A
7899,E
7900,e
7901,e
7902,E
7903,R
7904,N
7905,T
7906,O
7907,V
7908,R
7909,I
7910,A
7911,K
7912,A
7913,O
7914,A
7915,C
7916,R
7917,A
7918,A
7919,t
7920,v
7921,I
7922,e
7923,H
7924,E
7925,A
7926,R
7927,V
7928,L
7929,r
7930,T
7931,a
7932,E
7933,H
7934,L
7935,A
7936,O
7937,L
7938,A
7939,I
7940,T
7941,r
7942,H
7943,O
7944,T
7945,e
7946,R
7947,E
7948,O
7949,P
7950,T
7951,L
7952,A
7953,A
7954,I
7955,R
7956,A
7957,I
7958,I
7959,E
7960,I
7961,E
7962,N
7963,R
7964,T
7965,O
7966,I
7967,E
7968,S
7969,R
7970,S
7971,N
7972,A
7973,A
7974,T
7975,F
7976,A
7977,A
7978,R
7979,T
7980,E
7981,l
7982,A
7983,A
7984,E
7985,L
7986,T
7987,A
7988,E
7989,O
7990,I
7991,A
7992,e
7993,E
7994,C
7995,o
7996,O
7997,R
7998,n
7999,O
8000,N
8001,O
8002,S
8003,E
8004,e
8005,o
8006,T
8007,I
8008,T
8009,A
8010,T
8011,A
8012,S
8013,R
8014,T
8015,E
8016,E
8017,E
8018,t
8019,A
8020,T
8021,A
8022,S
8023,O
8024,H
8025,A
8026,O
8027,A
8028,O
8029,A
8030,R
8031,N
8032,C
8033,c
8034,e
8035,S
8036,M
8037,E
8038,T
8039,O
8040,T
8041,A
8042,I
8043,A
8044,A
8045,N
8046,N
8047,S
8048,A
8049,A
8050,E
8051,A
8052,0
8053,R
8054,R
8055,I
8056,N
8057,I
8058,I
8059,A
8060,A
8061,S
8062,R
8063,S
8064,R
8065,A
8066,O
8067,R
8068,l
8069,N
8070,N
8071,A
8072,N
8073,A
8074,N
8075,I
8076,O
8077,T
8078,A
8079,M
8080,e
8081,F
8082,S
8083,e
8084,N
8085,e
8086,S
8087,M
8088,L
8089,L
8090,R
8091,R
8092,T
8093,R
8094,E
8095,O
8096,l
8097,T
8098,R
8099,A
8100,S
8101,i
8102,I
8103,H
8104,I
8105,A
8106,R
8107,0
8108,P
8109,T
8110,A
8111,S
8112,A
8113,L
8114,E
8115,O
8116,L
8117,A
8118,N
8119,L
8120,A
8121,A
8122,S
8123,O
8124,I
8125,n
8126,O
8127,E
8128,1
8129,T
8130,L
8131,A
8132,E
8133,N
8134,A
8135,R
8136,C
8137,R
8138,I
8139,E
8140,O
8141,I
8142,O
8143,P
8144,T
8145,e
8146,N
8147,S
8148,O
8149,N
8150,E
8151,R
8152,A
8153,E
8154,e
8155,O
8156,e
8157,A
8158,T
8159,e
8160,T
8161,R
8162,S
8163,H
8164,S
8165,I
8166,A
8167,O
8168,A
8169,R
8170,A
8171,E
8172,T
8173,A
8174,5
8175,E
8176,T
8177,N
8178,N
8179,e
8180,T
8181,I
8182,O
8183,O
8184,E
8185,A
8186,R
8187,L
8188,A
8189,N
8190,e
8191,S
8192,I
8193,R
8194,S
8195,M
8196,e
8197,A
8198,S
8199,D
8200,A
8201,R
8202,T
8203,e
8204,R
8205,A
8206,N
8207,O
8208,E
8209,L
8210,A
8211,S
8212,R
8213,A
8214,T
8215,A
8216,N
8217,C
8218,R
8219,A
8220,E
8221,I
8222,A
8223,M
8224,I
8225,H
8226,N
8227,A
8228,E
8229,N
8230,s
8231,O
8232,T
8233,N
8234,L
8235,A
8236,i
8237,T
8238,E
8239,o
8240,O
8241,M
8242,A
8243,I
8244,3
8245,S
8246,I
8247,A
8248,M
8249,l
8250,A
8251,O
8252,M
8253,A
8254,O
8255,A
8256,Y
8257,E
8258,E
8259,M
8260,O
8261,R
8262,O
8263,A
8264,A
8265,N
8266,S
8267,0
8268,E
8269,A
8270,Y
8271,E
8272,U
8273,e
8274,O
8275,E
8276,R
8277,R
8278,A
8279,A
8280,L
8281,O
8282,R
8283,A
8284,A
8285,L
8286,S
8287,T
8288,R
8289,A
8290,E
8291,i
8292,R
8293,O
8294,O
8295,T
8296,t
8297,N
8298,O
8299,t
8300,E
8301,O
8302,l
8303,O
8304,N
8305,O
8306,N
8307,I
8308,A
8309,N
8310,C
8311,N
8312,R
8313,E
8314,7
8315,A
8316,o
8317,L
8318,E
8319,E
8320,N
8321,y
8322,E
8323,R
8324,E
8325,N
8326,T
8327,N
8328,E
8329,T
8330,A
8331,A
8332,I
8333,R
8334,N
8335,O
8336,O
8337,A
8338,O
8339,L
8340,B
8341,L
8342,a
8343,A
8344,L
8345,N
8346,A
8347,R
8348,O
8349,e
8350,T
8351,A
8352,A
8353,i
8354,T
8355,N
8356,l
8357,O
8358,O
8359,I
8360,I
8361,T
8362,N
8363,e
8364,o
8365,R
8366,A
8367,O
8368,R
8369,S
8370,E
8371,l
8372,I
8373,A
8374,N
8375,P
8376,L
8377,H
8378,A
8379,N
8380,N
8381,n
8382,R
8383,A
8384,S
8385,a
8386,S
8387,N
8388,S
8389,S
8390,R
8391,P
8392,E
8393,e
8394,N
8395,S
8396,r
8397,S
8398,A
8399,I
8400,A
8401,L
8402,R
8403,A
8404,E
8405,S
8406,N
8407,S
8408,G
8409,E
8410,N
8411,A
8412,G
8413,A
8414,T
8415,A
8416,T
8417,S
8418,I
8419,N
8420,R
8421,N
8422,N
8423,A
8424,N
8425,O
8426,A
8427,H
8428,E
8429,E
8430,O
8431,T
8432,A
8433,H
8434,A
8435,O
8436,A
8437,A
8438,O
8439,A
8440,O
8441,A
8442,R
8443,E
8444,S
8445,t
8446,E
8447,R
8448,I
8449,I
8450,A
8451,A
8452,D
8453,R
8454,l
8455,1
8456,A
8457,R
8458,e
8459,I
8460,E
8461,D
8462,D
8463,E
8464,L
8465,A
8466,A
8467,R
8468,L
8469,P
8470,L
8471,E
8472,C
8473,A
8474,R
8475,D
8476,A
8477,E
8478,T
8479,C
8480,A
8481,O
8482,P
8483,R
8484,c
8485,o
8486,E
8487,I
8488,S
8489,e
8490,A
8491,S
8492,O
8493,R
8494,R
8495,L
8496,S
8497,n
8498,R
8499,Y
8500,E
8501,N
8502,e
8503,S
8504,E
8505,E
8506,T
8507,e
8508,N
8509,I
8510,N
8511,A
8512,A
8513,C
8514,E
8515,O
8516,E
8517,I
8518,O
8519,O
8520,S
8521,A
8522,T
8523,R
8524,L
8525,P
8526,A
8527,A
8528,O
8529,I
8530,N
8531,R
8532,E
8533,A
8534,F
8535,0
8536,H
8537,2
8538,A
8539,N
8540,P
8541,N
8542,o
8543,I
8544,M
8545,E
8546,T
8547,L
8548,T
8549,C
8550,S
8551,A
8552,O
8553,O
8554,R
8555,E
8556,S
8557,O
8558,N
8559,C
8560,I
8561,Y
8562,O
8563,S
8564,A
8565,T
8566,I
8567,I
8568,T
8569,I
8570,I
8571,E
8572,S
8573,A
8574,O
8575,A
8576,A
8577,R
8578,A
8579,A
8580,T
8581,A
8582,R
8583,O
8584,N
8585,T
8586,A
8587,e
8588,I
8589,A
8590,5
8591,I
8592,R
8593,I
8594,E
8595,r
8596,M
8597,I
8598,T
8599,i
8600,N
8601,L
8602,A
8603,I
8604,T
8605,E
8606,A
8607,O
8608,E
8609,A
8610,A
8611,L
8612,A
8613,A
8614,E
8615,S
8616,P
8617,R
8618,H
8619,a
8620,O
8621,N
8622,e
8623,I
8624,0
8625,E
8626,H
8627,E
8628,N
8629,A
8630,R
8631,H
8632,O
8633,S
8634,N
8635,A
8636,I
8637,O
8638,T
8639,E
8640,V
8641,5
8642,H
8643,A
8644,M
8645,D
8646,0
8647,e
8648,O
8649,T
8650,I
8651,R
8652,A
8653,E
8654,A
8655,S
8656,N
8657,I
8658,A
8659,W
8660,I
8661,A
8662,1
8663,I
8664,T
8665,A
8666,M
8667,E
8668,O
8669,A
8670,N
8671,N
8672,R
8673,E
8674,O
8675,I
8676,A
8677,S
8678,1
8679,9
8680,r
8681,E
8682,i
8683,E
8684,O
8685,C
8686,R
8687,O
8688,A
8689,S
8690,A
8691,S
8692,I
8693,D
8694,I
8695,N
8696,S
8697,O
8698,S
8699,S
8700,O
8701,E
8702,R
8703,A
8704,T
8705,7
8706,S
8707,T
8708,N
8709,E
8710,V
8711,A
8712,E
8713,H
8714,N
8715,I
8716,S
8717,A
8718,A
8719,R
8720,O
8721,R
8722,A
8723,N
8724,I
8725,I
8726,N
8727,A
8728,N
8729,S
8730,H
8731,O
8732,E
8733,D
8734,R
8735,E
8736,a
8737,A
8738,A
8739,L
8740,N
8741,l
8742,E
8743,L
8744,r
8745,T
8746,N
8747,A
8748,A
8749,D
8750,E
8751,E
8752,R
8753,A
8754,A
8755,s
8756,T
8757,I
8758,R
8759,R
8760,A
8761,O
8762,A
8763,N
8764,D
8765,A
8766,D
8767,A
8768,A
8769,E
8770,E
8771,E
8772,R
8773,S
8774,e
8775,A
8776,A
8777,A
8778,R
8779,o
8780,A
8781,R
8782,O
8783,T
8784,C
8785,A
8786,L
8787,O
8788,r
8789,e
8790,I
8791,C
8792,O
8793,N
8794,O
8795,A
8796,O
8797,A
8798,N
8799,E
8800,e
8801,A
8802,M
8803,A
8804,a
8805,R
8806,S
8807,I
8808,M
8809,e
8810,E
8811,R
8812,O
8813,O
8814,N
8815,3
8816,e
8817,O
8818,0
8819,e
8820,L
8821,W
8822,A
8823,E
8824,T
8825,C
8826,R
8827,A
8828,A
8829,E
8830,R
8831,e
8832,O
8833,T
8834,e
8835,N
8836,L
8837,P
8838,A
8839,u
8840,e
8841,y
8842,A
8843,A
8844,P
8845,E
8846,R
8847,E
8848,1
8849,A
8850,S
8851,R
8852,O
8853,R
8854,O
8855,A
8856,A
8857,A
8858,A
8859,R
8860,C
8861,O
8862,a
8863,r
8864,N
8865,e
8866,N
8867,O
8868,L
8869,I
8870,L
8871,D
8872,A
8873,R
8874,0
8875,E
8876,E
8877,A
8878,O
8879,i
8880,T
8881,A
8882,G
8883,N
8884,A
8885,D
8886,1
8887,S
8888,R
8889,N
8890,R
8891,R
8892,O
8893,C
8894,O
8895,A
8896,a
8897,T
8898,A
8899,A
8900,e
8901,e
8902,e
8903,R
8904,O
8905,C
8906,R
8907,P
8908,O
8909,I
8910,A
8911,0
8912,e
8913,E
8914,E
8915,R
8916,E
8917,H
8918,T
8919,T
8920,O
8921,C
8922,N
8923,1
8924,I
8925,S
8926,O
8927,T
8928,L
8929,V
8930,R
8931,M
8932,A
8933,L
8934,T
8935,P
8936,L
8937,A
8938,O
8939,N
8940,O
8941,S
8942,S
8943,o
8944,N
8945,x
8946,N
8947,L
8948,T
8949,H
8950,T
8951,S
8952,E
8953,r
8954,a
8955,I
8956,E
8957,N
8958,r
8959,C
8960,F
8961,I
8962,M
8963,O
8964,T
8965,R
8966,T
8967,s
8968,r
8969,N
8970,R
8971,O
8972,a
8973,A
8974,I
8975,A
8976,R
8977,G
8978,E
8979,n
8980,T
8981,D
8982,W
8983,U
8984,S
8985,S
8986,S
8987,R
8988,N
8989,n
8990,R
8991,A
8992,E
8993,t
8994,S
8995,N
8996,n
8997,O
8998,A
8999,A
9000,A
9001,N
9002,A
9003,E
9004,V
9005,A
9006,R
9007,P
9008,A
9009,O
9010,A
9011,O
9012,R
9013,n
9014,n
9015,t
9016,R
9017,l
9018,E
9019,P
9020,T
9021,T
9022,E
9023,A
9024,n
9025,A
9026,N
9027,R
9028,A
9029,L
9030,A
9031,A
9032,A
9033,T
9034,H
9035,R
9036,0
9037,R
9038,r
9039,N
9040,N
9041,A
9042,E
9043,L
9044,I
9045,O
9046,I
9047,N
9048,P
9049,S
9050,R
9051,R
9052,E
9053,A
9054,A
9055,A
9056,e
9057,R
9058,I
9059,S
9060,S
9061,T
9062,A
9063,A
9064,A
9065,E
9066,A
9067,T
9068,L
9069,O
9070,E
9071,T
9072,N
9073,O
9074,N
9075,M
9076,a
9077,E
9078,C
9079,A
9080,L
9081,A
9082,O
9083,R
9084,a
9085,E
9086,N
9087,A
9088,T
9089,A
9090,A
9091,R
9092,T
9093,A
9094,E
9095,E
9096,O
9097,A
9098,R
9099,R
9100,R
9101,A
9102,I
9103,e
9104,R
9105,R
9106,R
9107,A
9108,P
9109,A
9110,I
9111,I
9112,M
9113,h
9114,C
9115,A
9116,N
9117,E
9118,M
9119,A
9120,A
9121,A
9122,A
9123,H
9124,R
9125,O
9126,2
9127,R
9128,R
9129,1
9130,o
9131,e
9132,I
9133,A
9134,R
9135,N
9136,I
9137,R
9138,E
9139,S
9140,E
9141,a
9142,E
9143,A
9144,A
9145,O
9146,O
9147,T
9148,R
9149,I
9150,T
9151,a
9152,O
9153,A
9154,O
9155,A
9156,T
9157,U
9158,f
9159,C
9160,7
9161,R
9162,S
9163,M
9164,A
9165,R
9166,E
9167,e
9168,Z
9169,a
9170,E
9171,O
9172,T
9173,M
9174,A
9175,e
9176,A
9177,l
9178,I
9179,E
9180,o
9181,T
9182,M
9183,A
9184,W
9185,O
9186,N
9187,I
9188,N
9189,e
9190,T
9191,I
9192,N
9193,A
9194,A
9195,A
9196,C
9197,A
9198,N
9199,R
9200,D
9201,S
9202,A
9203,N
9204,I
9205,S
9206,T
9207,O
9208,A
9209,C
9210,A
9211,N
9212,V
9213,A
9214,P
9215,S
9216,A
9217,o
9218,E
9219,A
9220,T
9221,T
9222,E
9223,H
9224,E
9225,A
9226,r
9227,L
9228,e
9229,A
9230,S
9231,E
9232,L
9233,N
9234,E
9235,R
9236,N
9237,A
9238,L
9239,A
9240,R
9241,R
9242,A
9243,O
9244,A
9245,a
9246,A
9247,d
9248,R
9249,A
9250,a
9251,R
9252,T
9253,A
9254,N
9255,O
9256,E
9257,N
9258,A
9259,R
9260,L
9261,M
9262,T
9263,G
9264,T
9265,A
9266,o
9267,T
9268,O
9269,T
9270,a
9271,A
9272,e
9273,T
9274,N
9275,N
9276,3
9277,L
9278,R
9279,D
9280,L
9281,A
9282,E
9283,D
9284,A
9285,e
9286,n
9287,A
9288,A
9289,A
9290,n
9291,S
9292,T
9293,A
9294,V
9295,E
9296,N
9297,C
9298,E
9299,T
9300,T
9301,A
9302,A
9303,A
9304,A
9305,O
9306,A
9307,D
9308,S
9309,n
9310,A
9311,I
9312,R
9313,E
9314,N
9315,I
9316,A
9317,E
9318,A
9319,E
9320,A
9321,R
9322,N
9323,E
9324,S
9325,A
9326,H
9327,A
9328,O
9329,o
9330,R
9331,e
9332,L
9333,N
9334,M
9335,A
9336,I
9337,E
9338,I
9339,e
9340,N
9341,S
9342,R
9343,A
9344,S
9345,A
9346,A
9347,O
9348,N
9349,S
9350,T
9351,I
9352,O
9353,E
9354,A
9355,N
9356,A
9357,I
9358,O
9359,A
9360,A
9361,A
9362,O
9363,I
9364,A
9365,R
9366,a
9367,R
9368,l
9369,e
9370,h
9371,0
9372,O
9373,L
9374,O
9375,R
9376,C
9377,E
9378,S
9379,N
9380,S
9381,E
9382,S
9383,o
9384,S
9385,O
9386,I
9387,S
9388,P
9389,N
9390,S
9391,E
9392,A
9393,E
9394,A
9395,L
9396,C
9397,A
9398,E
9399,2
9400,N
9401,P
9402,e
9403,S
9404,O
9405,O
9406,D
9407,2
9408,S
9409,L
9410,S
9411,A
9412,E
9413,I
9414,S
9415,N
9416,A
9417,R
9418,O
9419,R
9420,A
9421,E
9422,A
9423,h
9424,O
9425,N
9426,s
9427,l
9428,I
9429,E
9430,T
9431,r
9432,R
9433,O
9434,A
9435,E
9436,R
9437,e
9438,e
9439,S
9440,E
9441,S
9442,N
9443,A
9444,L
9445,I
9446,2
9447,N
9448,R
9449,E
9450,A
9451,c
9452,A
9453,A
9454,a
9455,N
9456,O
9457,A
9458,D
9459,A
9460,A
9461,i
9462,N
9463,I
9464,S
9465,E
9466,A
9467,E
9468,A
9469,E
9470,I
9471,P
9472,R
9473,E
9474,I
9475,R
9476,O
9477,M
9478,A
9479,R
9480,P
9481,A
9482,I
9483,P
9484,t
9485,A
9486,H
9487,N
9488,S
9489,A
9490,0
9491,H
9492,E
9493,N
9494,T
9495,S
9496,S
9497,E
9498,E
9499,R
9500,E
9501,N
9502,0
9503,C
9504,C
9505,A
9506,7
9507,A
9508,A
9509,I
9510,N
9511,R
9512,A
9513,E
9514,A
9515,S
9516,N
9517,O
9518,A
9519,E
9520,I
9521,O
9522,L
9523,e
9524,A
9525,e
9526,u
9527,N
9528,R
9529,I
9530,L
9531,L
9532,N
9533,T
9534,1
9535,R
9536,N
9537,A
9538,T
9539,E
9540,i
9541,L
9542,T
9543,O
9544,A
9545,C
9546,e
9547,D
9548,A
9549,A
9550,E
9551,N
9552,a
9553,I
9554,H
9555,S
9556,E
9557,O
9558,s
9559,e
9560,3
9561,A
9562,P
9563,R
9564,A
9565,A
9566,A
9567,T
9568,R
9569,A
9570,y
9571,e
9572,C
9573,I
9574,N
9575,I
9576,Y
9577,I
9578,S
9579,N
9580,I
9581,A
9582,a
9583,A
9584,R
9585,A
9586,L
9587,O
9588,n
9589,O
9590,E
9591,M
9592,E
9593,A
9594,O
9595,O
9596,A
9597,e
9598,T
9599,N
9600,A
9601,N
9602,E
9603,O
9604,A
9605,R
9606,1
9607,A
9608,c
9609,a
9610,R
9611,T
9612,R
9613,A
9614,L
9615,A
9616,e
9617,A
9618,B
9619,S
9620,O
9621,A
9622,O
9623,O
9624,A
9625,l
9626,R
9627,I
9628,C
9629,A
9630,N
9631,A
9632,D
9633,e
9634,L
9635,A
9636,R
9637,A
9638,A
9639,A
9640,E
9641,T
9642,I
9643,O
9644,O
9645,O
9646,A
9647,E
9648,A
9649,0
9650,A
9651,T
9652,e
9653,1
9654,R
9655,E
9656,I
9657,A
9658,A
9659,R
9660,C
9661,T
9662,E
9663,A
9664,A
9665,A
9666,l
9667,A
9668,I
9669,A
9670,M
9671,e
9672,N
9673,N
9674,T
9675,t
9676,E
9677,l
9678,L
9679,R
9680,N
9681,S
9682,R
9683,P
9684,D
9685,A
9686,E
9687,S
9688,A
9689,O
9690,N
9691,L
9692,e
9693,S
9694,I
9695,O
9696,A
9697,S
9698,N
9699,T
9700,l
9701,L
9702,A
9703,r
9704,L
9705,E
9706,E
9707,T
9708,e
9709,D
9710,C
9711,T
9712,O
9713,T
9714,E
9715,A
9716,e
9717,T
9718,r
9719,A
9720,I
9721,E
9722,U
9723,N
9724,A
9725,T
9726,T
9727,L
9728,A
9729,e
9730,C
9731,A
9732,0
9733,E
9734,a
9735,R
9736,A
9737,O
9738,E
9739,T
9740,h
9741,A
9742,R
9743,A
9744,A
9745,N
9746,O
9747,s
9748,S
9749,T
9750,A
9751,N
9752,A
9753,A
9754,N
9755,R
9756,S
9757,A
9758,A
9759,A
9760,S
9761,Z
9762,R
9763,A
9764,R
9765,T
9766,R
9767,I
9768,N
9769,I
9770,I
9771,r
9772,N
9773,t
9774,E
9775,N
9776,E
9777,C
9778,7
9779,I
9780,T
9781,D
9782,A
9783,O
9784,I
9785,L
9786,A
9787,R
9788,e
9789,1
9790,e
9791,N
9792,O
9793,T
9794,A
9795,N
9796,I
9797,T
9798,S
9799,I
9800,L
9801,R
9802,E
9803,8
9804,I
9805,N
9806,A
9807,L
9808,C
9809,A
9810,R
9811,T
9812,R
9813,L
9814,T
9815,S
9816,T
9817,A
9818,A
9819,A
9820,M
9821,N
9822,N
9823,N
9824,A
9825,N
9826,R
9827,T
9828,S
9829,R
9830,E
9831,N
9832,T
9833,A
9834,O
9835,L
9836,O
9837,I
9838,A
9839,0
9840,A
9841,N
9842,R
9843,A
9844,I
9845,I
9846,A
9847,D
9848,R
9849,A
9850,C
9851,O
9852,n
9853,M
9854,S
9855,R
9856,O
9857,N
9858,A
9859,e
9860,e
9861,S
9862,E
9863,R
9864,O
9865,e
9866,R
9867,C
9868,S
9869,A
9870,N
9871,E
9872,N
9873,T
9874,N
9875,A
9876,T
9877,S
9878,M
9879,E
9880,E
9881,R
9882,A
9883,A
9884,S
9885,E
9886,7
9887,D
9888,O
9889,E
9890,A
9891,A
9892,E
9893,O
9894,H
9895,O
9896,A
9897,I
9898,D
9899,O
9900,A
9901,R
9902,E
9903,N
9904,e
9905,A
9906,T
9907,I
9908,S
9909,A
9910,A
9911,A
9912,A
9913,A
9914,E
9915,R
9916,N
9917,A
9918,A
9919,E
9920,T
9921,R
9922,N
9923,D
9924,n
9925,A
9926,E
9927,A
9928,R
9929,R
9930,P
9931,I
9932,S
9933,O
9934,C
9935,A
9936,A
9937,A
9938,C
9939,O
9940,I
9941,F
9942,T
9943,E
9944,E
9945,N
9946,E
9947,L
9948,A
9949,r
9950,E
9951,R
9952,R
9953,I
9954,I
9955,T
9956,L
9957,4
9958,T
9959,e
9960,L
9961,R
9962,A
9963,s
9964,o
9965,e
9966,A
9967,I
9968,T
9969,R
9970,O
9971,e
9972,N
9973,S
9974,A
9975,L
9976,N
9977,i
9978,T
9979,N
9980,T
9981,L
9982,S
9983,R
9984,S
9985,E
9986,4
9987,T
9988,S
9989,A
9990,I
9991,S
9992,T
9993,A
9994,M
9995,A
9996,A
9997,S
9998,T
9999,C
10000,T
10001,R
10002,e
10003,T
10004,o
10005,T
10006,R
10007,S
10008,L
10009,B
10010,n
10011,T
10012,e
10013,R
10014,L
10015,A
10016,A
10017,2
10018,T
10019,0
10020,K
10021,N
10022,S
10023,M
10024,A
10025,0
10026,0
10027,O
10028,A
10029,n
10030,L
10031,L
10032,A
10033,P
10034,A
10035,S
10036,A
10037,C
10038,A
10039,R
10040,A
10041,O
10042,A
10043,A
10044,A
10045,o
10046,R
10047,A
10048,N
10049,R
10050,e
10051,c
10052,N
10053,E
10054,A
10055,E
10056,O
10057,l
10058,T
10059,O
10060,L
10061,P
10062,A
10063,A
10064,E
10065,L
10066,A
10067,E
10068,O
10069,A
10070,N
10071,A
10072,E
10073,I
10074,S
10075,L
10076,A
10077,o
10078,D
10079,A
10080,n
10081,E
10082,A
10083,0
10084,o
10085,C
10086,N
10087,N
10088,N
10089,s
10090,A
10091,S
10092,E
10093,O
10094,A
10095,L
10096,A
10097,O
10098,A
10099,A
10100,D
10101,E
10102,O
10103,S
10104,N
10105,O
10106,B
10107,O
10108,A
10109,T
10110,N
10111,a
10112,N
10113,A
10114,E
10115,A
10116,A
10117,e
10118,I
10119,A
10120,l
10121,A
10122,O
10123,S
10124,C
10125,N
10126,O
10127,S
10128,P
10129,A
10130,R
10131,L
10132,S
10133,E
10134,V
10135,A
10136,T
10137,M
10138,O
10139,A
10140,A
10141,L
10142,A
10143,R
10144,l
10145,I
10146,A
10147,R
10148,L
10149,r
10150,S
10151,H
10152,A
10153,S
10154,t
10155,T
10156,A
10157,N
10158,1
10159,I
10160,A
10161,E
10162,H
10163,O
10164,O
10165,N
10166,D
10167,O
10168,S
10169,E
10170,L
10171,R
10172,R
10173,R
10174,A
10175,L
10176,O
10177,A
10178,P
10179,1
10180,r
10181,O
10182,R
10183,S
10184,S
10185,T
10186,e
10187,O
10188,M
10189,T
10190,S
10191,L
10192,L
10193,e
10194,T
10195,A
10196,N
10197,T
10198,R
10199,A
10200,L
10201,S
10202,A
10203,N
10204,E
10205,t
10206,A
10207,L
10208,T
10209,T
10210,R
10211,L
10212,P
10213,C
10214,A
10215,6
10216,H
10217,e
10218,B
10219,A
10220,R
10221,C
10222,D
10223,S
10224,A
10225,O
10226,P
10227,V
10228,A
10229,A
10230,E
10231,r
10232,O
10233,A
10234,O
10235,S
10236,T
10237,T
10238,N
10239,I
10240,I
10241,E
10242,O
10243,V
10244,F
10245,S
10246,P
10247,E
10248,e
10249,C
10250,E
10251,A
10252,C
10253,M
10254,O
10255,L
10256,A
10257,I
10258,R
10259,R
10260,A
10261,A
10262,E
10263,E
10264,A
10265,e
10266,O
10267,S
10268,O
10269,O
10270,R
10271,N
10272,A
10273,P
10274,A
10275,T
10276,O
10277,R
10278,A
10279,A
10280,N
10281,O
10282,I
10283,A
10284,A
10285,O
10286,O
10287,S
10288,A
10289,O
10290,P
10291,A
10292,R
10293,L
10294,A
10295,T
10296,E
10297,0
10298,E
10299,A
10300,N
10301,L
10302,S
10303,T
10304,D
10305,S
10306,E
10307,V
10308,T
10309,e
10310,N
10311,N
10312,A
10313,O
10314,S
10315,0
10316,t
10317,N
10318,E
10319,C
10320,r
10321,T
10322,T
10323,r
10324,A
10325,R
10326,R
10327,1
10328,N
10329,O
10330,R
10331,O
10332,R
10333,T
10334,I
10335,T
10336,A
10337,R
10338,B
10339,l
10340,N
10341,I
10342,E
10343,A
10344,I
10345,O
10346,u
10347,R
10348,O
10349,E
10350,O
10351,e
10352,A
10353,A
10354,I
10355,A
10356,A
10357,S
10358,R
10359,C
10360,A
10361,R
10362,I
10363,T
10364,S
10365,A
10366,T
10367,I
10368,A
10369,T
10370,E
10371,A
10372,T
10373,O
10374,R
10375,R
10376,N
10377,U
10378,I
10379,A
10380,T
10381,E
10382,S
10383,T
10384,E
10385,T
10386,I
10387,S
10388,A
10389,S
10390,s
10391,S
10392,R
10393,S
10394,A
10395,N
10396,E
10397,T
10398,o
10399,T
10400,e
10401,O
10402,a
10403,R
10404,e
10405,T
10406,N
10407,N
10408,T
10409,R
10410,O
10411,E
10412,S
10413,T
10414,N
10415,I
10416,N
10417,R
10418,e
10419,O
10420,E
10421,I
10422,R
10423,0
10424,S
10425,M
10426,N
10427,E
10428,A
10429,E
10430,M
10431,O
10432,R
10433,K
10434,R
10435,Y
10436,T
10437,A
10438,O
10439,I
10440,e
10441,R
10442,t
10443,0
10444,L
10445,A
10446,I
10447,I
10448,I
10449,A
10450,A
10451,a
10452,R
10453,S
10454,A
10455,C
10456,E
10457,R
10458,S
10459,O
10460,S
10461,L
10462,1
10463,A
10464,A
10465,Y
10466,N
10467,O
10468,T
10469,R
10470,o
10471,B
10472,o
10473,A
10474,e
10475,o
10476,A
10477,A
10478,A
10479,T
10480,A
10481,T
10482,A
10483,I
10484,A
10485,T
10486,G
10487,A
10488,R
10489,E
10490,a
10491,A
10492,S
10493,O
10494,O
10495,0
10496,N
10497,R
10498,A
10499,T
10500,S
10501,O
10502,L
10503,O
10504,R
10505,L
10506,L
10507,R
10508,A
10509,e
10510,R
10511,P
10512,O
10513,P
10514,A
10515,Y
10516,A
10517,t
10518,e
10519,N
10520,N
10521,N
10522,S
10523,O
10524,R
10525,l
10526,H
10527,O
10528,A
10529,M
10530,S
10531,R
10532,L
10533,A
10534,9
10535,o
10536,I
10537,N
10538,e
10539,A
10540,O
10541,T
10542,S
10543,T
10544,A
10545,e
10546,O
10547,S
10548,A
10549,A
10550,N
10551,L
10552,P
10553,A
10554,N
10555,I
10556,A
10557,A
10558,T
10559,L
10560,R
10561,T
10562,O
10563,E
10564,A
10565,E
10566,e
10567,E
10568,R
10569,E
10570,S
10571,A
10572,A
10573,r
10574,A
10575,A
10576,t
10577,0
10578,E
10579,O
10580,T
10581,O
10582,S
10583,I
10584,M
10585,A
10586,A
10587,D
10588,T
10589,O
10590,s
10591,E
10592,o
10593,N
10594,O
10595,A
10596,0
10597,R
10598,R
10599,c
10600,R
10601,A
10602,A
10603,M
10604,O
10605,t
10606,T
10607,S
10608,L
10609,O
10610,s
10611,E
10612,O
10613,0
10614,T
10615,N
10616,A
10617,E
10618,O
10619,O
10620,T
10621,T
10622,E
10623,S
10624,t
10625,G
10626,S
10627,Z
10628,A
10629,N
10630,N
10631,D
10632,A
10633,r
10634,O
10635,r
10636,I
10637,E
10638,N
10639,S
10640,A
10641,a
10642,A
10643,I
10644,D
10645,I
10646,e
10647,E
10648,T
10649,O
10650,L
10651,N
10652,A
10653,t
10654,D
10655,C
10656,A
10657,I
10658,N
10659,r
10660,R
10661,E
10662,H
10663,7
10664,S
10665,W
10666,C
10667,N
10668,A
10669,A
10670,T
10671,L
10672,I
10673,M
10674,A
10675,e
10676,A
10677,T
10678,I
10679,S
10680,R
10681,M
10682,R
10683,o
10684,A
10685,N
10686,S
10687,D
10688,A
10689,P
10690,O
10691,O
10692,I
10693,L
10694,A
10695,I
10696,N
10697,E
10698,e
10699,A
10700,e
10701,I
10702,R
10703,A
10704,R
10705,T
10706,I
10707,N
10708,O
10709,I
10710,e
10711,A
10712,N
10713,I
10714,I
10715,R
10716,0
10717,N
10718,N
10719,M
10720,E
10721,N
10722,H
10723,T
10724,I
10725,T
10726,N
10727,T
10728,A
10729,E
10730,A
10731,R
10732,E
10733,e
10734,N
10735,C
10736,A
10737,o
10738,O
10739,O
10740,E
10741,c
10742,T
10743,A
10744,A
10745,T
10746,A
10747,T
10748,E
10749,C
10750,O
10751,A
10752,A
10753,Y
10754,I
10755,A
10756,R
10757,A
10758,A
10759,A
10760,I
10761,s
10762,A
10763,F
10764,E
10765,C
10766,S
10767,Y
10768,R
10769,I
10770,A
10771,A
10772,T
10773,I
10774,O
10775,N
10776,T
10777,I
10778,N
10779,N
10780,E
10781,N
10782,I
10783,R
10784,e
10785,A
10786,R
10787,R
10788,R
10789,D
10790,N
10791,E
10792,M
10793,P
10794,X
10795,I
10796,M
10797,M
10798,M
10799,E
10800,N
10801,O
10802,1
10803,E
10804,t
10805,A
10806,O
10807,R
10808,R
10809,1
10810,N
10811,A
10812,S
10813,E
10814,L
10815,A
10816,E
10817,G
10818,O
10819,I
10820,t
10821,R
10822,R
10823,R
10824,A
10825,A
10826,R
10827,L
10828,E
10829,k
10830,T
10831,O
10832,T
10833,S
10834,N
10835,O
10836,T
10837,E
10838,A
10839,E
10840,S
10841,H
10842,O
10843,T
10844,a
10845,A
10846,I
10847,M
10848,N
10849,A
10850,C
10851,A
10852,R
10853,A
10854,N
10855,A
10856,E
10857,O
10858,O
10859,N
10860,R
10861,A
10862,R
10863,T
10864,O
10865,A
10866,E
10867,R
10868,7
10869,A
10870,l
10871,E
10872,O
10873,e
10874,e
10875,E
10876,S
10877,N
10878,b
10879,O
10880,P
10881,N
10882,A
10883,K
10884,E
10885,s
10886,R
10887,R
10888,P
10889,R
10890,R
10891,T
10892,l
10893,S
10894,N
10895,T
10896,E
10897,C
10898,A
10899,C
10900,I
10901,A
10902,E
10903,i
10904,P
10905,O
10906,N
10907,N
10908,E
10909,r
10910,A
10911,I
10912,I
10913,R
10914,N
10915,T
10916,A
10917,M
10918,l
10919,X
10920,R
10921,N
10922,E
10923,A
10924,T
10925,I
10926,N
10927,L
10928,O
10929,I
10930,A
10931,O
10932,R
10933,E
10934,L
10935,H
10936,A
10937,S
10938,f
10939,I
10940,S
10941,0
10942,N
10943,N
10944,E
10945,O
10946,E
10947,t
10948,T
10949,e
10950,C
10951,C
10952,A
10953,T
10954,A
10955,T
10956,6
10957,A
10958,6
10959,e
10960,O
10961,A
10962,A
10963,S
10964,H
10965,T
10966,e
10967,O
10968,A
10969,N
10970,A
10971,A
10972,A
10973,O
10974,E
10975,N
10976,n
10977,A
10978,O
10979,R
10980,A
10981,A
10982,S
10983,C
10984,T
10985,P
10986,A
10987,H
10988,R
10989,2
10990,e
10991,T
10992,N
10993,E
10994,E
10995,O
10996,n
10997,N
10998,O
10999,S
11000,A
11001,A
11002,A
11003,e
11004,A
11005,A
11006,A
11007,O
11008,I
11009,O
11010,N
11011,T
11012,R
11013,A
11014,R
11015,N
11016,S
11017,N
11018,O
11019,A
11020,S
11021,E
11022,r
11023,i
11024,a
11025,T
11026,S
11027,M
11028,A
11029,O
11030,e
11031,A
11032,T
11033,S
11034,C
11035,e
11036,E
11037,e
11038,l
11039,T
11040,N
11041,A
11042,A
11043,R
11044,P
11045,N
11046,O
11047,E
11048,A
11049,N
11050,O
11051,C
11052,e
11053,O
11054,P
11055,C
11056,G
11057,N
11058,R
11059,A
11060,A
11061,r
11062,d
11063,H
11064,V
11065,O
11066,O
11067,O
11068,0
11069,S
11070,L
11071,e
11072,K
11073,e
11074,E
11075,N
11076,S
11077,E
11078,4
11079,A
11080,A
11081,L
11082,L
11083,N
11084,A
11085,n
11086,e
11087,A
11088,E
11089,o
11090,A
11091,T
11092,E
11093,N
11094,A
11095,r
11096,e
11097,O
11098,I
11099,A
11100,Y
11101,A
11102,A
11103,A
11104,c
11105,N
11106,e
11107,L
11108,T
11109,e
11110,E
11111,A
11112,E
11113,R
11114,A
11115,R
11116,O
11117,S
11118,S
11119,O
11120,R
11121,R
11122,I
11123,A
11124,E
11125,A
11126,R
11127,R
11128,o
11129,O
11130,O
11131,O
11132,L
11133,T
11134,T
11135,A
11136,R
11137,O
11138,E
11139,A
11140,S
11141,T
11142,r
11143,A
11144,l
11145,n
11146,M
11147,P
11148,R
11149,O
11150,O
11151,N
11152,1
11153,P
11154,H
11155,A
11156,M
11157,E
11158,A
11159,R
11160,O
11161,K
11162,F
11163,S
11164,O
11165,N
11166,A
11167,E
11168,O
11169,A
11170,R
11171,I
11172,S
11173,E
11174,e
11175,e
11176,A
11177,R
11178,A
11179,T
11180,T
11181,e
11182,A
11183,S
11184,A
11185,E
11186,D
11187,O
11188,A
11189,A
11190,L
11191,C
11192,A
11193,O
11194,A
11195,I
11196,S
11197,A
11198,C
11199,V
11200,O
11201,e
11202,A
11203,T
11204,N
11205,A
11206,O
11207,l
11208,N
11209,A
11210,A
11211,N
11212,A
11213,S
11214,L
11215,a
11216,E
11217,N
11218,E
11219,A
11220,A
11221,O
11222,I
11223,E
11224,P
11225,O
11226,N
11227,A
11228,o
11229,O
11230,R
11231,I
11232,A
11233,l
11234,R
11235,R
11236,R
11237,O
11238,D
11239,D
11240,I
11241,L
11242,A
11243,a
11244,I
11245,O
11246,O
11247,N
11248,R
11249,R
11250,R
11251,O
11252,S
11253,R
11254,I
11255,O
11256,P
11257,A
11258,T
11259,E
11260,o
11261,N
11262,A
11263,R
11264,n
11265,R
11266,a
11267,E
11268,S
11269,a
11270,A
11271,C
11272,O
11273,L
11274,E
11275,T
11276,O
11277,O
11278,R
11279,h
11280,D
11281,A
11282,N
11283,A
11284,S
11285,E
11286,T
11287,A
11288,M
11289,r
11290,I
11291,R
11292,S
11293,O
11294,R
11295,N
11296,T
11297,L
11298,O
11299,A
11300,A
11301,O
11302,N
11303,R
11304,N
11305,A
11306,A
11307,N
11308,e
11309,E
11310,R
11311,E
11312,n
11313,I
11314,G
11315,0
11316,I
11317,e
11318,o
11319,N
11320,E
11321,I
11322,R
11323,I
11324,L
11325,M
11326,s
11327,e
11328,R
11329,O
11330,T
11331,A
11332,A
11333,R
11334,T
11335,P
11336,T
11337,L
11338,I
11339,O
11340,O
11341,v
11342,E
11343,I
11344,T
11345,A
11346,L
11347,O
11348,O
11349,O
11350,S
11351,O
11352,T
11353,C
11354,A
11355,y
11356,c
11357,R
11358,C
11359,0
11360,N
11361,T
11362,T
11363,A
11364,T
11365,t
11366,A
11367,A
11368,S
11369,R
11370,A
11371,a
11372,L
11373,E
11374,h
11375,A
11376,A
11377,N
11378,A
11379,A
11380,C
11381,A
11382,S
11383,e
11384,R
11385,6
11386,I
11387,e
11388,A
11389,R
11390,L
11391,0
11392,O
11393,D
11394,A
11395,N
11396,n
11397,O
11398,R
11399,O
11400,N
11401,T
11402,T
11403,L
11404,e
11405,u
11406,A
11407,T
11408,N
11409,H
11410,A
11411,R
11412,T
11413,O
11414,O
11415,T
11416,S
11417,r
11418,e
11419,O
11420,A
11421,N
11422,A
11423,A
11424,e
11425,I
11426,E
11427,A
11428,N
11429,N
11430,N
11431,R
11432,L
11433,H
11434,O
11435,A
11436,E
11437,E
11438,A
11439,P
11440,O
11441,R
11442,A
11443,A
11444,l
11445,S
11446,A
11447,E
11448,N
11449,n
11450,E
11451,I
11452,E
11453,E
11454,S
11455,R
11456,T
11457,A
11458,E
11459,e
11460,A
11461,a
11462,E
11463,A
11464,I
11465,L
11466,e
11467,A
11468,A
11469,A
11470,T
11471,s
11472,S
11473,I
11474,D
11475,U
11476,S
11477,A
11478,E
11479,C
11480,0
11481,o
11482,I
11483,Y
11484,R
11485,E
11486,A
11487,N
11488,R
11489,N
11490,a
11491,A
11492,S
11493,D
11494,E
11495,A
11496,O
11497,E
11498,3
11499,E
11500,D
11501,N
11502,E
11503,S
11504,A
11505,E
11506,S
11507,U
11508,i
11509,o
11510,A
11511,L
11512,I
11513,O
11514,E
11515,O
11516,O
11517,C
11518,N
11519,c
11520,T
11521,R
11522,M
11523,L
11524,o
11525,O
11526,I
11527,I
11528,O
11529,O
11530,S
11531,A
11532,E
11533,P
11534,A
11535,C
11536,T
11537,R
11538,P
11539,L
11540,O
11541,S
11542,R
11543,R
11544,P
11545,O
11546,E
11547,A
11548,A
11549,O
11550,O
11551,S
11552,e
11553,I
11554,C
11555,i
11556,A
11557,C
11558,R
11559,n
11560,N
11561,A
11562,M
11563,I
11564,A
11565,E
11566,O
11567,A
11568,S
11569,A
11570,T
11571,A
11572,O
11573,e
11574,T
11575,A
11576,O
11577,N
11578,L
11579,S
11580,O
11581,L
11582,R
11583,n
11584,L
11585,E
11586,A
11587,R
11588,O
11589,E
11590,2
11591,E
11592,O
11593,T
11594,O
11595,I
11596,R
11597,N
11598,1
11599,N
11600,T
11601,A
11602,A
11603,O
11604,A
11605,A
11606,P
11607,O
11608,O
11609,S
11610,R
11611,R
11612,E
11613,R
11614,4
11615,r
11616,r
11617,v
11618,A
11619,A
11620,A
11621,A
11622,T
11623,E
11624,R
11625,T
11626,I
11627,O
11628,O
11629,K
11630,T
11631,T
11632,A
11633,S
11634,A
11635,P
11636,A
11637,i
11638,A
11639,S
11640,C
11641,I
11642,T
11643,R
11644,E
11645,T
11646,H
11647,L
11648,y
11649,A
11650,I
11651,T
11652,S
11653,R
11654,O
11655,F
11656,S
11657,O
11658,O
11659,R
11660,o
11661,A
11662,L
11663,E
11664,A
11665,O
11666,s
11667,E
11668,W
11669,C
11670,I
11671,S
11672,L
11673,5
11674,N
11675,L
11676,E
11677,A
11678,A
11679,O
11680,S
11681,S
11682,N
11683,e
11684,e
11685,T
11686,Y
11687,A
11688,E
11689,S
11690,C
11691,A
11692,N
11693,A
11694,R
11695,S
11696,6
11697,T
11698,R
11699,T
11700,I
11701,E
11702,A
11703,T
11704,A
11705,A
11706,B
11707,L
11708,E
11709,T
11710,e
11711,C
11712,D
11713,U
11714,S
11715,A
11716,N
11717,1
11718,S
11719,T
11720,O
11721,S
11722,n
11723,A
11724,G
11725,O
11726,N
11727,e
11728,N
11729,e
11730,L
11731,A
11732,3
11733,s
11734,C
11735,E
11736,A
11737,A
11738,I
11739,A
11740,e
11741,t
11742,e
11743,N
11744,S
11745,S
11746,i
11747,R
11748,A
11749,A
11750,H
11751,D
11752,e
11753,R
11754,E
11755,S
11756,A
11757,T
11758,T
11759,I
11760,I
11761,N
11762,N
11763,M
11764,J
11765,e
11766,L
11767,A
11768,I
11769,O
11770,H
11771,N
11772,O
11773,N
11774,E
11775,L
11776,E
11777,R
11778,G
11779,A
11780,R
11781,S
11782,A
11783,N
11784,A
11785,I
11786,l
11787,R
11788,O
11789,A
11790,A
11791,L
11792,L
11793,V
11794,A
11795,i
11796,A
11797,I
11798,L
11799,E
11800,E
11801,N
11802,A
11803,T
11804,m
11805,I
11806,I
11807,T
11808,R
11809,N
11810,O
11811,T
11812,E
11813,O
11814,E
11815,A
11816,S
11817,S
11818,T
11819,O
11820,A
11821,N
11822,T
11823,n
11824,A
11825,I
11826,A
11827,S
11828,A
11829,S
11830,I
11831,t
11832,A
11833,N
11834,S
11835,a
11836,C
11837,A
11838,O
11839,E
11840,E
11841,S
11842,V
11843,N
11844,E
11845,T
11846,A
11847,R
11848,l
11849,A
11850,A
11851,O
11852,A
11853,A
11854,A
11855,V
11856,I
11857,T
11858,L
11859,O
11860,A
11861,e
11862,T
11863,E
11864,F
11865,I
11866,A
11867,A
11868,r
11869,E
11870,A
11871,I
11872,a
11873,A
11874,C
11875,O
11876,O
11877,R
11878,A
11879,O
11880,N
11881,R
11882,E
11883,N
11884,e
11885,N
11886,A
11887,R
11888,T
11889,M
11890,A
11891,e
11892,T
11893,L
11894,O
11895,N
11896,R
11897,E
11898,O
11899,E
11900,O
11901,R
11902,H
11903,T
11904,1
11905,O
11906,R
11907,A
11908,S
11909,F
11910,L
11911,A
11912,A
11913,R
11914,A
11915,L
11916,R
11917,S
11918,e
11919,M
11920,A
11921,P
11922,L
11923,A
11924,e
11925,M
11926,R
11927,O
11928,L
11929,A
11930,A
11931,O
11932,L
11933,O
11934,I
11935,2
11936,O
11937,L
11938,P
11939,e
11940,A
11941,O
11942,R
11943,T
11944,L
11945,S
11946,A
11947,T
11948,R
11949,O
11950,O
11951,O
11952,A
11953,T
11954,s
11955,O
11956,h
11957,S
11958,I
11959,A
11960,e
11961,D
11962,E
11963,E
11964,R
11965,R
11966,T
11967,t
11968,A
11969,T
11970,T
11971,E
11972,I
11973,a
11974,T
11975,D
11976,I
11977,E
11978,R
11979,A
11980,e
11981,R
11982,R
11983,0
11984,R
11985,O
11986,S
11987,R
11988,O
11989,E
11990,O
11991,A
11992,E
11993,S
11994,A
11995,C
11996,N
11997,E
11998,A
11999,A
12000,T
12001,I
12002,I
12003,W
12004,R
12005,R
12006,A
12007,M
12008,A
12009,E
12010,0
12011,e
12012,N
12013,E
12014,7
12015,P
12016,A
12017,N
12018,R
12019,O
12020,T
12021,E
12022,0
12023,E
12024,S
12025,0
12026,S
12027,N
12028,E
12029,I
12030,e
12031,A
12032,D
12033,I
12034,O
12035,N
12036,O
12037,L
12038,A
12039,F
12040,o
12041,O
12042,E
12043,O
12044,A
12045,R
12046,s
12047,I
12048,R
12049,C
12050,R
12051,E
12052,I
12053,E
12054,S
12055,R
12056,A
12057,R
12058,0
12059,t
12060,A
12061,A
12062,I
12063,T
12064,M
12065,A
12066,e
12067,E
12068,H
12069,I
12070,A
12071,H
12072,C
12073,A
12074,A
12075,O
12076,E
12077,R
12078,T
12079,h
12080,E
12081,E
12082,a
12083,I
12084,S
12085,E
12086,R
12087,S
12088,R
12089,S
12090,A
12091,o
12092,M
12093,I
12094,T
12095,A
12096,L
12097,A
12098,e
12099,R
12100,I
12101,r
12102,e
12103,O
12104,L
12105,I
12106,R
12107,L
12108,A
12109,O
12110,e
12111,A
12112,I
12113,S
12114,N
12115,o
12116,K
12117,E
12118,N
12119,N
12120,e
12121,V
12122,L
12123,T
12124,E
12125,T
12126,I
12127,D
12128,A
12129,A
12130,L
12131,O
12132,R
12133,E
12134,E
12135,O
12136,I
12137,U
12138,O
12139,N
12140,E
12141,C
12142,L
12143,S
12144,A
12145,A
12146,L
12147,A
12148,e
12149,E
12150,q
12151,D
12152,E
12153,A
12154,c
12155,E
12156,A
12157,A
12158,E
12159,O
12160,L
12161,L
12162,N
12163,T
12164,p
12165,O
12166,R
12167,O
12168,F
12169,O
12170,S
12171,c
12172,A
12173,A
12174,T
12175,I
12176,S
12177,A
12178,E
12179,o
12180,E
12181,C
12182,A
12183,e
12184,C
12185,B
12186,A
12187,O
12188,e
12189,E
12190,N
12191,S
12192,e
12193,S
12194,E
12195,N
12196,e
12197,O
12198,O
12199,L
12200,A
12201,E
12202,A
12203,S
12204,T
12205,S
12206,A
12207,A
12208,T
12209,S
12210,I
12211,R
12212,A
12213,R
12214,N
12215,E
12216,R
12217,S
12218,T
12219,R
12220,N
12221,I
12222,n
12223,N
12224,A
12225,F
12226,I
12227,o
12228,I
12229,S
12230,O
12231,E
12232,e
12233,r
12234,A
12235,E
12236,P
12237,T
12238,A
12239,T
12240,R
12241,R
12242,a
12243,A
12244,r
12245,H
12246,R
12247,M
12248,L
12249,R
12250,S
12251,P
12252,n
12253,n
12254,O
12255,E
12256,A
12257,3
12258,1
12259,e
12260,I
12261,O
12262,R
12263,O
12264,d
12265,O
12266,O
12267,R
12268,O
12269,c
12270,T
12271,O
12272,2
12273,T
12274,D
12275,R
12276,O
12277,I
12278,A
12279,E
12280,N
12281,E
12282,O
12283,E
12284,L
12285,l
12286,A
12287,E
12288,A
12289,E
12290,R
12291,N
12292,N
12293,A
12294,N
12295,N
12296,N
12297,R
12298,C
12299,E
12300,I
12301,N
12302,H
12303,O
12304,S
12305,N
12306,A
12307,O
12308,A
12309,E
12310,e
12311,A
12312,M
12313,O
12314,M
12315,N
12316,A
12317,O
12318,D
12319,e
12320,R
12321,C
12322,i
12323,S
12324,R
12325,A
12326,N
12327,T
12328,A
12329,I
12330,I
12331,O
12332,F
12333,F
12334,Y
12335,O
12336,N
12337,R
12338,T
12339,7
12340,M
12341,R
12342,N
12343,T
12344,A
12345,T
12346,E
12347,O
12348,S
12349,A
12350,a
12351,R
12352,N
12353,E
12354,A
12355,n
12356,E
12357,T
12358,A
12359,A
12360,A
12361,I
12362,T
12363,V
12364,Z
12365,E
12366,R
12367,H
12368,E
12369,I
12370,A
12371,O
12372,E
12373,E
12374,N
12375,I
12376,O
12377,N
12378,C
12379,C
12380,A
12381,r
12382,O
12383,O
12384,N
12385,A
12386,C
12387,T
12388,R
12389,O
12390,e
12391,T
12392,L
12393,I
12394,O
12395,R
12396,C
12397,T
12398,E
12399,N
12400,A
12401,E
12402,L
12403,A
12404,O
12405,A
12406,R
12407,E
12408,T
12409,L
12410,N
12411,R
12412,N
12413,N
12414,t
12415,N
12416,A
12417,T
12418,O
12419,7
12420,S
12421,A
12422,I
12423,N
12424,R
12425,I
12426,A
12427,R
12428,A
12429,O
12430,A
12431,N
12432,r
12433,R
12434,i
12435,E
12436,A
12437,A
12438,a
12439,E
12440,R
12441,G
12442,N
12443,A
12444,O
12445,A
12446,S
12447,A
12448,n
12449,L
12450,A
12451,A
12452,A
12453,E
12454,A
12455,C
12456,I
12457,A
12458,T
12459,I
12460,A
12461,S
12462,i
12463,A
12464,Y
12465,E
12466,B
12467,e
12468,e
12469,N
12470,e
12471,A
12472,R
12473,A
12474,E
12475,I
12476,A
12477,T
12478,D
12479,E
12480,O
12481,A
12482,A
12483,L
12484,O
12485,N
12486,O
12487,A
12488,N
12489,A
12490,E
12491,S
12492,A
12493,4
12494,A
12495,c
12496,P
12497,T
12498,I
12499,O
12500,R
12501,A
12502,N
12503,N
